Segment,Brand,PriceSegment,GlobalPriceSegment
Puree,Abibok,PREMIUM,SUPER PREMIUM
Puree,Agusha,MAINSTREAM,MAINSTREAM
Puree,Alyonka Lubit,ECONOMY,ECONOMY
Puree,Andy,MAINSTREAM,MAINSTREAM
Puree,Auchan,MAINSTREAM,MAINSTREAM
Puree,Babushkino Lukoshko,MAINSTREAM,MAINSTREAM
Puree,Bambolina,MAINSTREAM,MAINSTREAM
Puree,Bebi,PREMIUM,PREMIUM
Puree,Babybio,PREMIUM,SUPER PREMIUM
Puree,Baby Hit,ECONOMY,ECONOMY
Puree,Bebivita,MAINSTREAM,MAINSTREAM
Puree,Bobovita,MAINSTREAM,MAINSTREAM
Puree,Bellakt,MAINSTREAM,MAINSTREAM
Puree,Bob Snail,MAINSTREAM,MAINSTREAM
Puree,Chudo-Chado,ECONOMY,ECONOMY
Puree,Chudo-chado,ECONOMY,ECONOMY
Puree,Dettka,ECONOMY,ECONOMY
Puree,Fleur Alpine,PREMIUM,SUPER PREMIUM
Puree,Fruta Pyureshka,PREMIUM,PREMIUM
Puree,Frutek,MAINSTREAM,MAINSTREAM
Puree,Fruto Nyanya,ECONOMY,ECONOMY
Puree,Gerber,PREMIUM,PREMIUM
Puree,Good Gout,PREMIUM,SUPER PREMIUM
Puree,Hamanek,MAINSTREAM,MAINSTREAM
Puree,Hame,PREMIUM,PREMIUM
Puree,Heinz,PREMIUM,SUPER PREMIUM
Puree,Hipp,PREMIUM,SUPER PREMIUM
Puree,Holle,PREMIUM,SUPER PREMIUM
Puree,Humana,PREMIUM,SUPER PREMIUM
Puree,Kabrita,PREMIUM,SUPER PREMIUM
Puree,Karapuz,ECONOMY,ECONOMY
Puree,Krokha,PREMIUM,PREMIUM
Puree,Krokha Ors,MAINSTREAM,MAINSTREAM
Puree,Landi,MAINSTREAM,MAINSTREAM
Puree,Lozhka V Ladochke,MAINSTREAM,MAINSTREAM
Puree,Lozhka V Ladoshke,MAINSTREAM,MAINSTREAM
Puree,Malen'koe Schast'e,MAINSTREAM,MAINSTREAM
Puree,Malenkoe Schaste,MAINSTREAM,MAINSTREAM
Puree,Malyatko,MAINSTREAM,MAINSTREAM
Puree,Mamako,PREMIUM,SUPER PREMIUM
Puree,Marmaluzi,MAINSTREAM,MAINSTREAM
Puree,Milupa,PREMIUM,PREMIUM
Puree,Nestle,PREMIUM,SUPER PREMIUM
Puree,Nutrino,MAINSTREAM,MAINSTREAM
Puree,Omkk,PREMIUM,SUPER PREMIUM
Puree,Only Organic,ECONOMY,ECONOMY
Puree,Organic Star,PREMIUM,PREMIUM
Puree,Ovko,PREMIUM,PREMIUM
Puree,Pipa,MAINSTREAM,MAINSTREAM
Puree,Ponn,PREMIUM,PREMIUM
Puree,Private label,ECONOMY,ECONOMY
Puree,Private Label,ECONOMY,ECONOMY
Puree,Remedia,PREMIUM,PREMIUM
Puree,Rudolfs,PREMIUM,PREMIUM
Puree,Rum'yani Shchichky,ECONOMY,ECONOMY
Puree,Rumyani Shchichky,ECONOMY,ECONOMY
Puree,Rumyani Shchichki,ECONOMY,ECONOMY
Puree,Sady Pridon'ya,ECONOMY,ECONOMY
Puree,Sady Pridonya,ECONOMY,ECONOMY
Puree,Salvest,MAINSTREAM,MAINSTREAM
Puree,Sami S Usami,ECONOMY,ECONOMY
Puree,Semper,PREMIUM,SUPER PREMIUM
Puree,Spelenok,ECONOMY,ECONOMY
Puree,Sochnyi Perekus,MAINSTREAM,MAINSTREAM
Puree,Tema,MAINSTREAM,MAINSTREAM
Puree,Tip-Top,ECONOMY,ECONOMY
Puree,Toptyshka,ECONOMY,ECONOMY
Puree,Umnitsa,MAINSTREAM,MAINSTREAM
Puree,Vinni,ECONOMY,ECONOMY
Puree,Vita,ECONOMY,ECONOMY
IMF,Agusha,MAINSTREAM,MAINSTREAM
IMF,Alfare,PREMIUM,SUPER PREMIUM
IMF,Babybio,PREMIUM,SUPER PREMIUM
IMF,Bebi,MAINSTREAM,MAINSTREAM
IMF,Bebivita,PREMIUM,PREMIUM
IMF,Bellakt,ECONOMY,ECONOMY
IMF,Bona,ECONOMY,ECONOMY
IMF,Friso,PREMIUM,PREMIUM
IMF,Frisolac,PREMIUM,PREMIUM
IMF,Gerber,PREMIUM,PREMIUM
IMF,Hipp,PREMIUM,PREMIUM
IMF,Humana,PREMIUM,PREMIUM
IMF,Holle,PREMIUM,SUPER PREMIUM
IMF,Kabrita,PREMIUM,SUPER PREMIUM
IMF,Karapuz,ECONOMY,ECONOMY
IMF,Lasana,PREMIUM,SUPER PREMIUM
IMF,Lasunya,ECONOMY,ECONOMY
IMF,Malyatko,MAINSTREAM,MAINSTREAM
IMF,Malysh Kh,ECONOMY,ECONOMY
IMF,Malysh Istr,MAINSTREAM,MAINSTREAM
IMF,Malyutka,ECONOMY,ECONOMY
IMF,Malyutka Kh,ECONOMY,ECONOMY
IMF,Mamako,PREMIUM,SUPER PREMIUM
IMF,Milupa,MAINSTREAM,MAINSTREAM
IMF,Moloko,ECONOMY,ECONOMY
IMF,Nan,PREMIUM,PREMIUM
IMF,Nenni,PREMIUM,SUPER PREMIUM
IMF,Nestle,MAINSTREAM,MAINSTREAM
IMF,Nestogen,MAINSTREAM,MAINSTREAM
IMF,Nutrilak,PREMIUM,SUPER PREMIUM
IMF,Nutrilon,PREMIUM,PREMIUM
IMF,Semper,PREMIUM,SUPER PREMIUM
IMF,Similac,PREMIUM,PREMIUM
Dry Food,Agusha,MAINSTREAM,MAINSTREAM
Dry Food,Auchan,MAINSTREAM,MAINSTREAM
Dry Food,Babybio,PREMIUM,SUPER PREMIUM
Dry Food,Baby King,MAINSTREAM,MAINSTREAM
Dry Food,Baby Sitter,MAINSTREAM,MAINSTREAM
Dry Food,Bebi,MAINSTREAM,MAINSTREAM
Dry Food,Bebivita,ECONOMY,ECONOMY
Dry Food,Begemotik Bondi,ECONOMY,ECONOMY
Dry Food,Bellakt,MAINSTREAM,MAINSTREAM
Dry Food,Bobovita,MAINSTREAM,MAINSTREAM
Dry Food,Bonavi,MAINSTREAM,MAINSTREAM
Dry Food,Borovets,PREMIUM,PREMIUM
Dry Food,Chipa,ECONOMY,ECONOMY
Dry Food,Chipa Ekstramalyshok,ECONOMY,ECONOMY
Dry Food,Chudo-Chado,ECONOMY,ECONOMY
Dry Food,Eldenele,MAINSTREAM,MAINSTREAM
Dry Food,Familia,PREMIUM,PREMIUM
Dry Food,Fleur Alpine,PREMIUM,SUPER PREMIUM
Dry Food,Freche Freunde,PREMIUM,SUPER PREMIUM
Dry Food,Friso,PREMIUM,PREMIUM
Dry Food,Fruto Nyanya,MAINSTREAM,MAINSTREAM
Dry Food,Gerber,MAINSTREAM,MAINSTREAM
Dry Food,Good Gout,PREMIUM,SUPER PREMIUM
Dry Food,Heinz,MAINSTREAM,MAINSTREAM
Dry Food,Hipp,PREMIUM,PREMIUM
Dry Food,Humana,PREMIUM,SUPER PREMIUM
Dry Food,Holle,PREMIUM,SUPER PREMIUM
Dry Food,Kabrita,PREMIUM,SUPER PREMIUM
Dry Food,Karapuz,ECONOMY,ECONOMY
Dry Food,Ladushki,ECONOMY,ECONOMY
Dry Food,Lapushka,ECONOMY,ECONOMY
Dry Food,Lasana,PREMIUM,PREMIUM
Dry Food,Lino,MAINSTREAM,MAINSTREAM
Dry Food,Lozhka V Ladochke,MAINSTREAM,MAINSTREAM
Dry Food,Lozhka V Ladoshke,MAINSTREAM,MAINSTREAM
Dry Food,Malenkoe Schaste,MAINSTREAM,MAINSTREAM
Dry Food,Malyatko,MAINSTREAM,MAINSTREAM
Dry Food,Malysh,ECONOMY,ECONOMY
Dry Food,Malysh Kh,ECONOMY,ECONOMY
Dry Food,Malyshka,ECONOMY,ECONOMY
Dry Food,Malyshka Kh,ECONOMY,ECONOMY
Dry Food,Malyshok,ECONOMY,ECONOMY
Dry Food,Malyutka,MAINSTREAM,MAINSTREAM
Dry Food,Mamako,PREMIUM,SUPER PREMIUM
Dry Food,Marmaluzi,ECONOMY,ECONOMY
Dry Food,Milupa,MAINSTREAM,MAINSTREAM
Dry Food,Nestle,MAINSTREAM,MAINSTREAM
Dry Food,Nutrilon,PREMIUM,PREMIUM
Dry Food,Nutrino,MAINSTREAM,MAINSTREAM
Dry Food,Nyam-Nyam,ECONOMY,ECONOMY
Dry Food,Private label,MAINSTREAM,MAINSTREAM
Dry Food,Private Label,MAINSTREAM,MAINSTREAM
Dry Food,Rasti Bol'shoi,ECONOMY,ECONOMY
Dry Food,Rasti Bolshoi,ECONOMY,ECONOMY
Dry Food,Remedia,PREMIUM,SUPER PREMIUM
Dry Food,Rudolfs,MAINSTREAM,MAINSTREAM
Dry Food,Semper,PREMIUM,PREMIUM
Dry Food,Smarty Family,PREMIUM,PREMIUM
Dry Food,Umnitsa,ECONOMY,ECONOMY
Dry Food,Vinni,ECONOMY,ECONOMY
Dry Food,Yagotynske,MAINSTREAM,MAINSTREAM
Dry Food,Wakodo,MAINSTREAM,MAINSTREAM
Dry Food,Zagora,ECONOMY,ECONOMY
AMN,Anamix,PREMIUM,SUPER PREMIUM
AMN,Clinutren,ECONOMY,ECONOMY
AMN,Comida,PREMIUM,SUPER PREMIUM
AMN,Cubitan,PREMIUM,PREMIUM
AMN,Ensure,MAINSTREAM,MAINSTREAM
AMN,Fresubin,PREMIUM,SUPER PREMIUM
AMN,Infatrini,PREMIUM,SUPER PREMIUM
AMN,Isosource,ECONOMY,ECONOMY
AMN,Md Mil Pku,PREMIUM,SUPER PREMIUM
AMN,Milupa,PREMIUM,SUPER PREMIUM
AMN,Modulen,PREMIUM,PREMIUM
AMN,Nutricomp,PREMIUM,SUPER PREMIUM
AMN,Nutridrink,PREMIUM,SUPER PREMIUM
AMN,Nutrini,PREMIUM,SUPER PREMIUM
AMN,Nutrison,PREMIUM,PREMIUM
AMN,P-Am,PREMIUM,SUPER PREMIUM
AMN,Pediasure,ECONOMY,ECONOMY
AMN,Peptamen,MAINSTREAM,MAINSTREAM
AMN,Pku Nutri,PREMIUM,SUPER PREMIUM
AMN,Resource,PREMIUM,PREMIUM
AMN,Tetraphen,PREMIUM,SUPER PREMIUM
AMN,Liquigen,PREMIUM,SUPER PREMIUM
AMN,Nutilis,PREMIUM,SUPER PREMIUM
